﻿1/1/15,flamingo,5
1/2/15,dog,2
1/3/15,tarantula,5
1/4/15,tarantula,6
1/5/15,tarantula,5
1/6/15,wolf,5
1/7/15,coyote,6
1/8/15,eagle,5
1/9/15,eagle,6
1/10/15,eagle,10
1/11/15,wolf,3
1/12/15,tarantula,5.7
1/13/15,tarantula,5.6
1/14/15,wolf,5.5
1/15/15,coyote,5.4
1/16/15,eagle,5.3
1/17/15,sloth,5.2
1/18/15,platypus,5.1
1/19/15,scorpion,5
1/20/15,scorpion,4.9
1/21/15,moose,4.8
1/22/15,hornet,4.7
1/23/15,elk,4.6
1/24/15,beaver,4.5
1/25/15,elk,4.4
1/26/15,elk,4.3
1/27/15,hornet,4.2
1/28/15,honeybadger,4.1
1/29/15,wolf,4
1/30/15,wolf,3.9